Dashboard Section,Feature,Implementation,Update Frequency,Tech Stack
Account Overview,Money in Account,Real-time balance display,Real-time,Streamlit + WebSocket
Account Overview,Money in Stocks,Portfolio value calculation,Real-time,Streamlit + API
Account Overview,P&L Amount,Total profit/loss tracking,Real-time,Streamlit + Database
Account Overview,P&L Percentage,Percentage gain/loss display,Real-time,Streamlit + Calculation
Holdings Display,Current Holdings Table,Sortable data table,Real-time,Streamlit DataTable
Holdings Display,Stock Names,Ticker symbols with company names,Static,Static Data
Holdings Display,Buy Price vs Current Price,Color-coded price comparison,Real-time,Streamlit + API
Holdings Display,Individual P&L,Individual stock performance,Real-time,Streamlit + Calculation
Trading Activity,Recent Trades (20),Latest 20 trades display,Per Trade,Streamlit + Database
Trading Activity,Trade History (100+),Scrollable trade history,On Demand,Streamlit + Pagination
Trading Activity,Trade Filtering,Date/stock/type filters,On Demand,Streamlit + Filters
AI Logs & Analytics,Model Logs (Separate),Individual agent log tabs,Real-time,Streamlit + Log Files
AI Logs & Analytics,Model Coordination Logs,Inter-agent communication logs,Real-time,Streamlit + JSON
AI Logs & Analytics,Trade Decision Analysis,Decision process breakdown,Per Decision,Streamlit + Analysis
AI Logs & Analytics,Loss Learning Logs,Error analysis and learning,Per Loss Event,Streamlit + ML
AI Logs & Analytics,AI Improvement Tracking,Performance improvement metrics,Daily,Streamlit + Analytics
Real-time Monitoring,Live Price Updates,WebSocket price feeds,Real-time,Streamlit + WebSocket
Real-time Monitoring,Market Status,Market open/close status,Real-time,API Integration
Real-time Monitoring,System Health,System uptime and alerts,Every 30 seconds,System Monitoring
